configuration,variant,dataset,n,recall@1
retrieval_cross_fullmesh,clip_only,lmo,1445,0.1564
retrieval_cross_fullmesh,clip_only,tless,6716,0.0473
retrieval_cross_fullmesh,clip_only,ycbv,4123,0.4894
retrieval_cross_fullmesh,clip_only,all,12284,0.2086
retrieval_cross_fullmesh,dino_only_full,lmo,1445,0.2519
retrieval_cross_fullmesh,dino_only_full,tless,6716,0.3712
retrieval_cross_fullmesh,dino_only_full,ycbv,4123,0.4211
retrieval_cross_fullmesh,dino_only_full,all,12284,0.3739
retrieval_cross_fullmesh,ulip_only_full,lmo,1445,0.2685
retrieval_cross_fullmesh,ulip_only_full,tless,6716,0.1791
retrieval_cross_fullmesh,ulip_only_full,ycbv,4123,0.2911
retrieval_cross_fullmesh,ulip_only_full,all,12284,0.2272
retrieval_cross_fullmesh,clip_dino_ulip_full,lmo,1445,0.4782
retrieval_cross_fullmesh,clip_dino_ulip_full,tless,6716,0.3938
retrieval_cross_fullmesh,clip_dino_ulip_full,ycbv,4123,0.7257
retrieval_cross_fullmesh,clip_dino_ulip_full,all,12284,0.5151
retrieval_cross_fullmesh,oscar_maxview,lmo,1445,0.2263
retrieval_cross_fullmesh,oscar_maxview,tless,6716,0.3691
retrieval_cross_fullmesh,oscar_maxview,ycbv,4123,0.4143
retrieval_cross_fullmesh,oscar_maxview,all,12284,0.3675
retrieval_cross_fullmesh,oscar_softmax,lmo,1445,0.2519
retrieval_cross_fullmesh,oscar_softmax,tless,6716,0.3712
retrieval_cross_fullmesh,oscar_softmax,ycbv,4123,0.4211
retrieval_cross_fullmesh,oscar_softmax,all,12284,0.3739
retrieval_cross_fullmesh,clip_pruned_dino_ulip,lmo,1445,0.3848
retrieval_cross_fullmesh,clip_pruned_dino_ulip,tless,6716,0.4306
retrieval_cross_fullmesh,clip_pruned_dino_ulip,ycbv,4123,0.617
retrieval_cross_fullmesh,clip_pruned_dino_ulip,all,12284,0.4878
retrieval_cross_partial,clip_only,lmo,1445,0.1564
retrieval_cross_partial,clip_only,tless,6716,0.0473
retrieval_cross_partial,clip_only,ycbv,4123,0.4894
retrieval_cross_partial,clip_only,all,12284,0.2086
retrieval_cross_partial,dino_only_full,lmo,1445,0.2519
retrieval_cross_partial,dino_only_full,tless,6716,0.3712
retrieval_cross_partial,dino_only_full,ycbv,4123,0.4211
retrieval_cross_partial,dino_only_full,all,12284,0.3739
retrieval_cross_partial,ulip_only_full,lmo,1445,0.1176
retrieval_cross_partial,ulip_only_full,tless,6716,0.0706
retrieval_cross_partial,ulip_only_full,ycbv,4123,0.4388
retrieval_cross_partial,ulip_only_full,all,12284,0.1997
retrieval_cross_partial,clip_dino_ulip_full,lmo,1445,0.4644
retrieval_cross_partial,clip_dino_ulip_full,tless,6716,0.3316
retrieval_cross_partial,clip_dino_ulip_full,ycbv,4123,0.7325
retrieval_cross_partial,clip_dino_ulip_full,all,12284,0.4818
retrieval_cross_partial,oscar_maxview,lmo,1445,0.2263
retrieval_cross_partial,oscar_maxview,tless,6716,0.3691
retrieval_cross_partial,oscar_maxview,ycbv,4123,0.4143
retrieval_cross_partial,oscar_maxview,all,12284,0.3675
retrieval_cross_partial,oscar_softmax,lmo,1445,0.2519
retrieval_cross_partial,oscar_softmax,tless,6716,0.3712
retrieval_cross_partial,oscar_softmax,ycbv,4123,0.4211
retrieval_cross_partial,oscar_softmax,all,12284,0.3739
retrieval_cross_partial,clip_pruned_dino_ulip,lmo,1445,0.3668
retrieval_cross_partial,clip_pruned_dino_ulip,tless,6716,0.3378
retrieval_cross_partial,clip_pruned_dino_ulip,ycbv,4123,0.6476
retrieval_cross_partial,clip_pruned_dino_ulip,all,12284,0.4452
retrieval_pc_partial,clip_only,lmo,1445,0.1564
retrieval_pc_partial,clip_only,tless,6716,0.0473
retrieval_pc_partial,clip_only,ycbv,4123,0.4894
retrieval_pc_partial,clip_only,all,12284,0.2086
retrieval_pc_partial,dino_only_full,lmo,1445,0.2519
retrieval_pc_partial,dino_only_full,tless,6716,0.3712
retrieval_pc_partial,dino_only_full,ycbv,4123,0.4211
retrieval_pc_partial,dino_only_full,all,12284,0.3739
retrieval_pc_partial,ulip_only_full,lmo,1445,0.0042
retrieval_pc_partial,ulip_only_full,tless,6716,0.0323
retrieval_pc_partial,ulip_only_full,ycbv,4123,0.0087
retrieval_pc_partial,ulip_only_full,all,12284,0.0211
retrieval_pc_partial,clip_dino_ulip_full,lmo,1445,0.4
retrieval_pc_partial,clip_dino_ulip_full,tless,6716,0.3499
retrieval_pc_partial,clip_dino_ulip_full,ycbv,4123,0.6711
retrieval_pc_partial,clip_dino_ulip_full,all,12284,0.4636
retrieval_pc_partial,oscar_maxview,lmo,1445,0.2263
retrieval_pc_partial,oscar_maxview,tless,6716,0.3691
retrieval_pc_partial,oscar_maxview,ycbv,4123,0.4143
retrieval_pc_partial,oscar_maxview,all,12284,0.3675
retrieval_pc_partial,oscar_softmax,lmo,1445,0.2519
retrieval_pc_partial,oscar_softmax,tless,6716,0.3712
retrieval_pc_partial,oscar_softmax,ycbv,4123,0.4211
retrieval_pc_partial,oscar_softmax,all,12284,0.3739
retrieval_pc_partial,clip_pruned_dino_ulip,lmo,1445,0.2401
retrieval_pc_partial,clip_pruned_dino_ulip,tless,6716,0.3413
retrieval_pc_partial,clip_pruned_dino_ulip,ycbv,4123,0.5404
retrieval_pc_partial,clip_pruned_dino_ulip,all,12284,0.3962
retrieval_pc_fullmesh,clip_only,lmo,1445,0.1564
retrieval_pc_fullmesh,clip_only,tless,6716,0.0473
retrieval_pc_fullmesh,clip_only,ycbv,4123,0.4894
retrieval_pc_fullmesh,clip_only,all,12284,0.2086
retrieval_pc_fullmesh,dino_only_full,lmo,1445,0.2519
retrieval_pc_fullmesh,dino_only_full,tless,6716,0.3712
retrieval_pc_fullmesh,dino_only_full,ycbv,4123,0.4211
retrieval_pc_fullmesh,dino_only_full,all,12284,0.3739
retrieval_pc_fullmesh,ulip_only_full,lmo,1445,0.0007
retrieval_pc_fullmesh,ulip_only_full,tless,6716,0.0
retrieval_pc_fullmesh,ulip_only_full,ycbv,4123,0.0262
retrieval_pc_fullmesh,ulip_only_full,all,12284,0.0089
retrieval_pc_fullmesh,clip_dino_ulip_full,lmo,1445,0.4457
retrieval_pc_fullmesh,clip_dino_ulip_full,tless,6716,0.1592
retrieval_pc_fullmesh,clip_dino_ulip_full,ycbv,4123,0.74
retrieval_pc_fullmesh,clip_dino_ulip_full,all,12284,0.3878
retrieval_pc_fullmesh,oscar_maxview,lmo,1445,0.2263
retrieval_pc_fullmesh,oscar_maxview,tless,6716,0.3691
retrieval_pc_fullmesh,oscar_maxview,ycbv,4123,0.4143
retrieval_pc_fullmesh,oscar_maxview,all,12284,0.3675
retrieval_pc_fullmesh,oscar_softmax,lmo,1445,0.2519
retrieval_pc_fullmesh,oscar_softmax,tless,6716,0.3712
retrieval_pc_fullmesh,oscar_softmax,ycbv,4123,0.4211
retrieval_pc_fullmesh,oscar_softmax,all,12284,0.3739
retrieval_pc_fullmesh,clip_pruned_dino_ulip,lmo,1445,0.3253
retrieval_pc_fullmesh,clip_pruned_dino_ulip,tless,6716,0.0776
retrieval_pc_fullmesh,clip_pruned_dino_ulip,ycbv,4123,0.6
retrieval_pc_fullmesh,clip_pruned_dino_ulip,all,12284,0.2821
