configuration,n_all,hit1_all,n_sub,hit1_sub,n_nosub,hit1_nosub
fusion_fullmesh_geo_trimmed_distance,2101,0.4807,1675,0.4788,426,0.4883
fusion_geo_trimmed_distance,2101,0.4717,1675,0.4567,426,0.5305
fusion_geo_mean_rank,2101,0.4645,1675,0.4555,426,0.5
fusion_geo_mean_rank_with_base,2101,0.4588,1675,0.4549,426,0.4742
fusion_geo_fitness,2101,0.4393,1675,0.4436,426,0.4225
text_appearance_geo_post_fusion,2101,0.4055,1675,0.4185,426,0.3545
fusion_fullmesh,2101,0.3598,1675,0.3654,426,0.338
fusion_xyz_checkpoint,2101,0.3541,1675,0.3612,426,0.3263
fusion_shape_prefix_views42,2101,0.3413,1675,0.3522,426,0.2981
fusion,2101,0.3413,1675,0.3522,426,0.2981
fusion_views16,2101,0.3327,1675,0.3457,426,0.2817
fusion_views32,2101,0.3289,1675,0.3385,426,0.2911
fusion_rrf,2101,0.3175,1675,0.3301,426,0.2676
fusion_views8,2101,0.3251,1675,0.3355,426,0.284
fusion_siglip,2101,0.3051,1675,0.3081,426,0.2934
fusion_cross,2101,0.3289,1675,0.3403,426,0.284
fusion_visual_first,2101,0.3408,1675,0.354,426,0.2887
text_appearance,2101,0.3122,1675,0.3296,426,0.2441
fusion_cross_fullmesh,2101,0.3084,1675,0.3427,426,0.1737
appearance_only,2101,0.3337,1675,0.3469,426,0.2817
appearance_only_views16,2101,0.326,1675,0.3391,426,0.2746
appearance_only_views32,2101,0.3208,1675,0.3355,426,0.2629
shape_only_xyz_checkpoint,2101,0.3598,1675,0.3552,426,0.3779
shape_only,2101,0.3275,1675,0.317,426,0.3685
shape_only_uni3d,2101,0.3094,1675,0.2979,426,0.3545
appearance_only_views8,2101,0.3027,1675,0.3158,426,0.2512
shape_only_views32,2101,0.317,1675,0.3051,426,0.3638
shape_only_views16,2101,0.3079,1675,0.2967,426,0.3521
fusion_clip_threshold_calibrated,2101,0.2808,1675,0.2979,426,0.2136
appearance_only_siglip,2101,0.2642,1675,0.2728,426,0.23
shape_only_views8,2101,0.2913,1675,0.2878,426,0.3052
shape_only_fullmesh,2101,0.2822,1675,0.3099,426,0.1737
shape_only_cross,2101,0.2637,1675,0.2776,426,0.2089
shape_only_cross_fullmesh,2101,0.2028,1675,0.2406,426,0.054
fusion_clip_pruned,2101,0.2308,1675,0.2424,426,0.1854
oscar_cascade,2101,0.2347,1675,0.2466,426,0.1878
fusion_clip_threshold,2101,0.2294,1675,0.2406,426,0.1854
text_only,2101,0.1304,1675,0.1415,426,0.0869
